[
  {
    "_id": "57dd8db0236ecb76c474c5f3",
    "index": 0,
    "guid": "bc627e2c-c652-4e83-8891-3a1f055a8206",
    "isActive": true,
    "balance": "$3,872.74",
    "picture": "http://placehold.it/32x32",
    "age": 37,
    "eyeColor": "green",
    "name": {
      "first": "Margie",
      "last": "Petty"
    },
    "company": "MULTIFLEX",
    "email": "margie.petty@multiflex.org",
    "phone": "+1 (822) 466-2212",
    "address": "839 Veterans Avenue, Rosine, Virgin Islands, 5644",
    "about": "Aute labore qui ex cupidatat aliquip minim proident mollit exercitation fugiat sint consequat veniam dolor. Mollit occaecat veniam exercitation laborum excepteur nulla irure consequat cillum nulla ullamco veniam aliqua. Deserunt ad nulla ut esse adipisicing adipisicing ut velit voluptate ea proident id. Fugiat elit sit quis Lorem esse anim anim et eiusmod id dolore ipsum.",
    "registered": "Thursday, March 12, 2015 9:43 AM",
    "latitude": "-40.037102",
    "longitude": "154.231286",
    "tags": [
      "quis",
      "ut",
      "proident",
      "adipisicing",
      "adipisicing"
    ],
    "range": [
      0,
      1,
      2,
      3,
      4,
      5,
      6,
      7,
      8,
      9
    ],
    "friends": [
      {
        "id": 0,
        "name": "Agnes Briggs"
      },
      {
        "id": 1,
        "name": "Marshall Harmon"
      },
      {
        "id": 2,
        "name": "Brittney Floyd"
      }
    ],
    "greeting": "Hello, Margie! You have 10 unread messages.",
    "favoriteFruit": "strawberry"
  },
  {
    "_id": "57dd8db04fb2aeb373cf2bb8",
    "index": 1,
    "guid": "a57796d1-1f11-471a-bbbd-399a74ebf272",
    "isActive": false,
    "balance": "$3,282.75",
    "picture": "http://placehold.it/32x32",
    "age": 22,
    "eyeColor": "brown",
    "name": {
      "first": "Marina",
      "last": "Larson"
    },
    "company": "GOGOL",
    "email": "marina.larson@gogol.name",
    "phone": "+1 (803) 417-2480",
    "address": "593 Oakland Place, Elbert, California, 5292",
    "about": "Culpa sint commodo commodo reprehenderit ea enim labore nostrud elit elit excepteur. Minim ad aliqua minim labore adipisicing et culpa fugiat esse laboris dolore est pariatur ullamco. Dolor ad nisi sit in occaecat pariatur aute adipisicing cupidatat sint dolore minim dolore aliquip. Eu velit dolore deserunt ex qui mollit ullamco laboris ut sit elit proident. Magna labore ea cupidatat reprehenderit. Excepteur dolor aliqua aute eiusmod irure ex mollit culpa exercitation consectetur Lorem cupidatat. In officia voluptate in id voluptate aliquip laborum.",
    "registered": "Sunday, April 19, 2015 7:55 PM",
    "latitude": "-78.153711",
    "longitude": "72.224982",
    "tags": [
      "id",
      "incididunt",
      "duis",
      "pariatur",
      "nulla"
    ],
    "range": [
      0,
      1,
      2,
      3,
      4,
      5,
      6,
      7,
      8,
      9
    ],
    "friends": [
      {
        "id": 0,
        "name": "Toni Santiago"
      },
      {
        "id": 1,
        "name": "Rita Greene"
      },
      {
        "id": 2,
        "name": "Elsa Franklin"
      }
    ],
    "greeting": "Hello, Marina! You have 10 unread messages.",
    "favoriteFruit": "banana"
  },
  {
    "_id": "57dd8db0169b4f49c15b8afe",
    "index": 2,
    "guid": "ca3213fb-6e20-40a3-8076-9578bb17fdf6",
    "isActive": false,
    "balance": "$2,869.03",
    "picture": "http://placehold.it/32x32",
    "age": 22,
    "eyeColor": "brown",
    "name": {
      "first": "Wallace",
      "last": "York"
    },
    "company": "TELEPARK",
    "email": "wallace.york@telepark.info",
    "phone": "+1 (859) 480-2346",
    "address": "845 Dunne Court, Bedias, Pennsylvania, 484",
    "about": "Ea voluptate do in dolor nisi veniam ullamco ullamco. Cupidatat anim esse anim ullamco ipsum nisi sunt non laborum sunt duis. Non commodo consectetur occaecat non ex est pariatur ad velit sit. Anim laborum exercitation ad nostrud laboris amet veniam occaecat elit veniam. Officia deserunt nostrud officia aliqua magna occaecat minim consectetur eiusmod laborum id excepteur.",
    "registered": "Wednesday, April 30, 2014 7:41 AM",
    "latitude": "18.449434",
    "longitude": "-38.379544",
    "tags": [
      "incididunt",
      "non",
      "laboris",
      "consequat",
      "nulla"
    ],
    "range": [
      0,
      1,
      2,
      3,
      4,
      5,
      6,
      7,
      8,
      9
    ],
    "friends": [
      {
        "id": 0,
        "name": "Velez Larsen"
      },
      {
        "id": 1,
        "name": "Stein Buckley"
      },
      {
        "id": 2,
        "name": "Keller Roy"
      }
    ],
    "greeting": "Hello, Wallace! You have 7 unread messages.",
    "favoriteFruit": "banana"
  },
  {
    "_id": "57dd8db0ef3cc0ef5851906c",
    "index": 3,
    "guid": "7a8b47c1-4cae-48ac-836a-00895c5624d2",
    "isActive": false,
    "balance": "$2,774.09",
    "picture": "http://placehold.it/32x32",
    "age": 38,
    "eyeColor": "brown",
    "name": {
      "first": "Tyson",
      "last": "Cooper"
    },
    "company": "AQUAFIRE",
    "email": "tyson.cooper@aquafire.ca",
    "phone": "+1 (919) 415-2202",
    "address": "470 Willow Street, Sanders, Colorado, 1176",
    "about": "Nostrud nostrud commodo ex qui ad amet velit velit duis exercitation. Pariatur aliqua ut adipisicing aliquip magna eu. Est amet incididunt esse laboris pariatur sit ad pariatur nulla.",
    "registered": "Sunday, July 3, 2016 8:03 AM",
    "latitude": "-55.569385",
    "longitude": "-66.850254",
    "tags": [
      "dolore",
      "pariatur",
      "qui",
      "fugiat",
      "labore"
    ],
    "range": [
      0,
      1,
      2,
      3,
      4,
      5,
      6,
      7,
      8,
      9
    ],
    "friends": [
      {
        "id": 0,
        "name": "Whitehead Howard"
      },
      {
        "id": 1,
        "name": "Wolf Nicholson"
      },
      {
        "id": 2,
        "name": "Angeline Richards"
      }
    ],
    "greeting": "Hello, Tyson! You have 5 unread messages.",
    "favoriteFruit": "apple"
  },
  {
    "_id": "57dd8db0215d4e82bdf12999",
    "index": 4,
    "guid": "23a8266d-95fb-486a-89f6-950f7fb62bf3",
    "isActive": false,
    "balance": "$2,087.84",
    "picture": "http://placehold.it/32x32",
    "age": 21,
    "eyeColor": "green",
    "name": {
      "first": "Alvarez",
      "last": "Hays"
    },
    "company": "ZILCH",
    "email": "alvarez.hays@zilch.biz",
    "phone": "+1 (907) 408-2195",
    "address": "743 Chapel Street, Saticoy, Tennessee, 4398",
    "about": "Consequat elit minim occaecat elit esse cupidatat do laboris ipsum veniam cillum. Dolor voluptate non commodo sunt ut deserunt nostrud quis in laborum. Ullamco anim in enim duis. Ut nostrud eu dolore laborum dolore anim ex laboris et. Velit eu aliqua fugiat excepteur duis elit culpa culpa nostrud tempor fugiat voluptate minim duis.",
    "registered": "Wednesday, June 22, 2016 1:31 PM",
    "latitude": "7.895721",
    "longitude": "-146.150366",
    "tags": [
      "dolore",
      "commodo",
      "cillum",
      "eiusmod",
      "aliquip"
    ],
    "range": [
      0,
      1,
      2,
      3,
      4,
      5,
      6,
      7,
      8,
      9
    ],
    "friends": [
      {
        "id": 0,
        "name": "Hull Grant"
      },
      {
        "id": 1,
        "name": "Bonnie Solomon"
      },
      {
        "id": 2,
        "name": "Snow Blackburn"
      }
    ],
    "greeting": "Hello, Alvarez! You have 6 unread messages.",
    "favoriteFruit": "strawberry"
  },
  {
    "_id": "57dd8db06266ae6ad59bc2f2",
    "index": 5,
    "guid": "c17971d4-5e70-46d7-a6ef-6ba184261102",
    "isActive": true,
    "balance": "$3,493.29",
    "picture": "http://placehold.it/32x32",
    "age": 34,
    "eyeColor": "blue",
    "name": {
      "first": "Obrien",
      "last": "Ferguson"
    },
    "company": "DYNO",
    "email": "obrien.ferguson@dyno.co.uk",
    "phone": "+1 (860) 578-3941",
    "address": "837 Dumont Avenue, Elliston, Wisconsin, 6910",
    "about": "Culpa qui nisi exercitation deserunt Lorem id enim eu incididunt deserunt cillum et. Lorem aliqua irure consequat ea aliqua culpa minim officia eu ad. Ad reprehenderit ad labore aute duis ad dolor enim velit dolore reprehenderit duis nulla. Irure eu occaecat mollit sit. Et irure tempor magna dolore aliquip cupidatat veniam anim id aliqua do adipisicing excepteur. Irure tempor labore proident dolor reprehenderit laborum anim do in commodo duis voluptate deserunt ea. Ut sunt culpa nostrud commodo aliquip commodo anim.",
    "registered": "Thursday, November 27, 2014 5:20 PM",
    "latitude": "-37.000788",
    "longitude": "-79.876021",
    "tags": [
      "cupidatat",
      "aliqua",
      "nulla",
      "mollit",
      "fugiat"
    ],
    "range": [
      0,
      1,
      2,
      3,
      4,
      5,
      6,
      7,
      8,
      9
    ],
    "friends": [
      {
        "id": 0,
        "name": "Elma Wolf"
      },
      {
        "id": 1,
        "name": "Summers Miles"
      },
      {
        "id": 2,
        "name": "Camille Campos"
      }
    ],
    "greeting": "Hello, Obrien! You have 7 unread messages.",
    "favoriteFruit": "banana"
  }
]