{
    "_id": "57dcb4f05874ef1b4bdac032",
    "index": 8,
    "guid": "353b4b94-0fb4-4592-a7b7-49096ab64094",
    "isActive": true,
    "balance": "$3,689.57",
    "picture": "http://placehold.it/32x32",
    "age": 23,
    "eyeColor": "brown",
    "name": {
        "first": "Price",
        "last": "Levine"
    },
    "company": "GEEKY",
    "email": "price.levine@geeky.com",
    "phone": "+1 (991) 520-2899",
    "address": "429 Schaefer Street, Dundee, Wisconsin, 4422",
    "about": "Enim nulla consequat tempor non labore. Irure dolor commodo ut tempor. Magna est sit minim ullamco ea laborum proident eiusmod dolor in laboris. Cillum qui officia excepteur nisi. Est dolore laborum aliquip aliquip consequat aliquip enim dolore veniam excepteur irure irure. Officia sunt ex laboris anim mollit id magna anim consequat deserunt elit anim sint. Magna proident ea dolore Lorem ex elit culpa ad laboris quis dolore commodo ipsum fugiat.",
    "registered": "Tuesday, July 15, 2014 10:22 PM",
    "latitude": "75.61632",
    "longitude": "127.676933",
    "tags": [
             "culpa",
             "nostrud",
             "elit",
             "amet",
             "reprehenderit"
             ],
    "range": [
              0,
              1,
              2,
              3,
              4,
              5,
              6,
              7,
              8,
              9
              ],
    "friends": [
                {
                "id": 0,
                "name": "Herrera Goff"
                },
                {
                "id": 1,
                "name": "Chandra Conway"
                },
                {
                "id": 2,
                "name": "Kimberley Mann"
                }
                ],
    "greeting": "Hello, Price! You have 9 unread messages.",
    "favoriteFruit": "banana"
}