{
    "id": "ch_18wzCj2eZvKYlo2CcEQ2mMvN",
    "object": "charge",
    "amount": 999,
    "amount_refunded": 0,
    "application_fee": null,
    "balance_transaction": "txn_18tm9B2eZvKYlo2C5vs7CPrL",
    "captured": true,
    "created": 1474658365,
    "currency": "usd",
    "customer": "cus_8VOMJz85r1xfOP",
    "description": null,
    "destination": null,
    "dispute": null,
    "failure_code": null,
    "failure_message": null,
    "fraud_details": {
    },
    "invoice": "in_18wyFW2eZvKYlo2Ctzx0bZdc",
    "livemode": false,
    "metadata": {
    },
    "order": null,
    "paid": true,
    "receipt_email": null,
    "receipt_number": null,
    "refunded": false,
    "refunds": {
        "object": "list",
        "data": [
        
        ],
        "has_more": false,
        "total_count": 0,
        "url": "/v1/charges/ch_18wzCj2eZvKYlo2CcEQ2mMvN/refunds"
    },
    "shipping": null,
    "source": {
        "id": "card_18ENZq2eZvKYlo2CQMepdqJk",
        "object": "card",
        "address_city": null,
        "address_country": null,
        "address_line1": null,
        "address_line1_check": null,
        "address_line2": null,
        "address_state": null,
        "address_zip": null,
        "address_zip_check": null,
        "brand": "Visa",
        "country": "US",
        "customer": "cus_8VOMJz85r1xfOP",
        "cvc_check": null,
        "dynamic_last4": null,
        "exp_month": 12,
        "exp_year": 2017,
        "funding": "credit",
        "last4": "4242",
        "metadata": {
        },
        "name": null,
        "tokenization_method": null
    },
    "source_transfer": null,
    "statement_descriptor": null,
    "status": "succeeded"
}