{
    "GridScheduleResult": {
        "Locale": "en-US",
        "ServiceId": 61356,
        "Name": "Conway - Conway Corporation Cts",
        "StartDate": "2016-09-01T20:20:05.6699734Z",
        "Duration": 240,
        "RequestId": "568324a0-43cd-40dc-875a-f54c3e8981c4",
        "TimeStamp": "2016-09-01T20:20:05.669Z",
        "Status": "PNE",
        "Errors": [],
        "EndTimestamp": "0001-01-01T00:00:00",
        "Build": "Development-v9-dev-9.15.08-173-r34606-34607",
        "TimeZones": [{
            "StartDateTime": "2016-03-13T08:00:00Z",
            "EndDateTime": "2016-11-06T07:00:00Z",
            "Offset": -300
        }],
        "GridChannels": [{
                         "ServiceId": 61356,
                         "Airings": [{"SeriesId": "1745480"}]
                         },{
            "ServiceId": 61356,
            "SourceId": 432,
            "Order": 30005,
            "Channel": "3",
            "CallLetters": "USA",
            "DisplayName": "USA",
            "SourceLongName": "USA Network (East)",
            "Type": "24-Hours",
            "SourceType": "Basic",
            "ParentNetworkId": 101,
            "IconAvailable": true,
            "IsChannelOverride": false,
            "SourceAttributes": "0",
            "ChannelSchedules": [],
            "SourceAttributeTypes": "",
            "Airings": [{
                "ProgramId": "5473901",
                "SeriesId": "1745480",
                "Title": "Law & Order: Special Victims Unit",
                "EpisodeTitle": "Fat",
                "AiringTime": "2016-09-01T20:00:00Z",
                "Duration": 60,
                "Color": "Color",
                "AiringType": "Unknown",
                "CC": true,
                "LetterBox": false,
                "Stereo": true,
                "HD": false,
                "SAP": false,
                "TVRating": "TV-14",
                "Dolby": true,
                "DSS": false,
                "HDLevel": "HD Level Unknown",
                "DVS": true,
                "Category": "Other",
                "Subcategory": "drama",
                "Sports": false
            }, {
                "ProgramId": "5521515",
                "SeriesId": "1745480",
                "Title": "Law & Order: Special Victims Unit",
                "EpisodeTitle": "Web",
                "AiringTime": "2016-09-01T21:00:00Z",
                "Duration": 60,
                "Color": "Color",
                "AiringType": "Unknown",
                "CC": true,
                "LetterBox": false,
                "Stereo": true,
                "HD": false,
                "SAP": false,
                "TVRating": "TV-14",
                "Dolby": true,
                "DSS": false,
                "HDLevel": "HD Level Unknown",
                "DVS": true,
                "Category": "Other",
                "Subcategory": "drama",
                "Sports": false
            }, {
                "ProgramId": "5527837",
                "SeriesId": "1745480",
                "Title": "Law & Order: Special Victims Unit",
                "EpisodeTitle": "Influence",
                "AiringTime": "2016-09-01T22:00:00Z",
                "Duration": 60,
                "Color": "Color",
                "AiringType": "Unknown",
                "CC": true,
                "LetterBox": false,
                "Stereo": true,
                "HD": false,
                "SAP": false,
                "TVRating": "TV-14",
                "Dolby": true,
                "DSS": false,
                "HDLevel": "HD Level Unknown",
                "DVS": true,
                "Category": "Other",
                "Subcategory": "drama",
                "Sports": false
            }, {
                "ProgramId": "14658507",
                "Title": "Fast Five",
                "AiringTime": "2016-09-01T23:00:00Z",
                "Duration": 180,
                "Color": "Color",
                "AiringType": "Unknown",
                "CC": true,
                "LetterBox": false,
                "Stereo": true,
                "HD": false,
                "SAP": false,
                "TVRating": "TV-14",
                "MovieRating": "PG-13",
                "Dolby": true,
                "DSS": false,
                "HDLevel": "HD Level Unknown",
                "DVS": true,
                "Category": "Movie",
                "Subcategory": "action/adventure",
                "Sports": false
            }],
            "ChannelImages": [{
                "ImageUrl": "http://cps-static.rovicorp.com/2/Open/SourceLogos/Cleared%20Logos/USA/USA%20Network.jpg?partner=AndrewGenehm88j99axzdtbsfcv7t5arbb",
                "ImageId": "296469",
                "ImageTitle": "USA Network",
                "ImageCaption": "Source Logo",
                "ObjectId": "432",
                "ObjectName": "USA Network (East)",
                "ImageCreditDisplay": "false",
                "ImageType": "Station Logo",
                "ImageHorizontalResolution": "640",
                "ImageVerticalResolution": "480",
                "ImageFormatId": "0",
                "AspectRatio": "4:3",
                "ParentImageId": "16814306",
                "ObjectType": "Source",
                "ImageFormat": null,
                "ImageExpiryDateTime": null,
                "LastUpdate": "2009-03-02T18:19:18Z"
            }]
        }]
    }
}